{"email": "nick@example.com", "topic_name": "test-topic", "sqs_queue_name": "test-queue", "iam_policy_document": {"Version": "2012-10-17", "Statement": [{"Effect": "Allow", "Action": ["logs:CreateLogGroup", "logs:CreateLogStream", "logs:PutLogEvents"], "Resource": "arn:aws:logs:*:*:*"}]}, "iam_role_name": "test-role", "iam_policy_name": "test-policy-role", "iam_role_description": "Test Description", "iam_assume_role_document": {"Version": "2012-10-17", "Statement": [{"Effect": "Allow", "Principal": {"Service": "lambda.amazonaws.com"}, "Action": "sts:AssumeRole"}]}}